Workbook

Sheet Прогнозы
A1: Месяц | B1: Ранг | C1: A1 | D1: A2 | E1: A1, мин | F1: A2, мин | G1: X, пипс | H1: SL, пипс | I1: TP, пипс | J1: Риск | K1: Год подбора, $ | L1: Последний месяц подбора, $ | M1: Прогнозный месяц, $ | N1: Пипсы за месяц | O1: Сделок | P1: Прямые | Q1: Зеркальные | R1: Фейлы | S1: Реальный % прямых | T1: Безубыточный % | U1: Дельта %
A2: 2025-01 | B2: 1 | C2: 2.5 ч | D2: 11 ч | E2: 150 | F2: 660 | G2: 15 | H2: 10 | I2: 30 | J2: 0.005 | K2: 45439 | L2: 7530 | M2: -6245 | N2: -126.6 | O2: 38 | P2: 7 | Q2: 9 | R2: 22 | S2: 0.184 | T2: 0.268 | U2: =S2-T2 -> -0.084
A3: 2025-01 | B3: 2 | C3: 15 ч | D3: 15.5 ч | E3: 900 | F3: 930 | G3: 10 | H3: 20 | I3: 60 | J3: 0.005 | K3: 40863 | L3: 5157 | M3: -6839 | N3: -280.3 | O3: 29 | P3: 4 | Q3: 12 | R3: 13 | S3: 0.138 | T3: 0.259 | U3: =S3-T3 -> -0.121
A4: 2025-01 | B4: 3 | C4: 1.06 д | D4: 1.23 д | E4: 1530 | F4: 1770 | G4: 10 | H4: 15 | I4: 40 | J4: 0.005 | K4: 39607 | L4: 5301 | M4: -3646 | N4: -109.7 | O4: 21 | P4: 4 | Q4: 8 | R4: 9 | S4: 0.19 | T4: 0.285 | U4: =S4-T4 -> -0.095
A5: 2025-01 | B5: 4 | C5: 1.1 д | D5: 1.17 д | E5: 1590 | F5: 1680 | G5: 10 | H5: 20 | I5: 50 | J5: 0.005 | K5: 39316 | L5: 4523 | M5: 274 | N5: 13.9 | O5: 23 | P5: 7 | Q5: 8 | R5: 8 | S5: 0.304 | T5: 0.296 | U5: =S5-T5 -> 0.008
A6: 2025-01 | B6: 5 | C6: 5.5 ч | D6: 21.5 ч | E6: 330 | F6: 1290 | G6: 10 | H6: 10 | I6: 30 | J6: 0.005 | K6: 39146 | L6: 1453 | M6: -3915 | N6: -78.2 | O6: 26 | P6: 5 | Q6: 5 | R6: 16 | S6: 0.192 | T6: 0.268 | U6: =S6-T6 -> -0.076
A7: 2025-01 | B7: 6 | C7: 18.5 ч | D7: 1.81 д | E7: 1110 | F7: 2610 | G7: 10 | H7: 15 | I7: 40 | J7: 0.005 | K7: 39105 | L7: 6702 | M7: 232 | N7: 8 | O7: 10 | P7: 3 | Q7: 3 | R7: 4 | S7: 0.3 | T7: 0.285 | U7: =S7-T7 -> 0.015
A8: 2025-01 | B8: 7 | C8: 14.5 ч | D8: 1.65 д | E8: 870 | F8: 2370 | G8: 35 | H8: 10 | I8: 30 | J8: 0.005 | K8: 38284 | L8: 6802 | M8: 1151 | N8: 23.7 | O8: 9 | P8: 3 | Q8: 3 | R8: 3 | S8: 0.333 | T8: 0.268 | U8: =S8-T8 -> 0.065
A9: 2025-01 | B9: 8 | C9: 7.5 ч | D9: 8 ч | E9: 450 | F9: 480 | G9: 10 | H9: 15 | I9: 40 | J9: 0.005 | K9: 37725 | L9: 7739 | M9: -6671 | N9: -203.7 | O9: 41 | P9: 8 | Q9: 14 | R9: 19 | S9: 0.195 | T9: 0.285 | U9: =S9-T9 -> -0.09
A10: 2025-01 | B10: 9 | C10: 1 мин | D10: 1.46 д | E10: 1 | F10: 2100 | G10: 15 | H10: 15 | I10: 40 | J10: 0.005 | K10: 37109 | L10: -1354 | M10: -1870 | N10: -54.7 | O10: 21 | P10: 5 | Q10: 7 | R10: 9 | S10: 0.238 | T10: 0.285 | U10: =S10-T10 -> -0.047
A11: 2025-01 | B11: 10 | C11: 6 ч | D11: 1.21 д | E11: 360 | F11: 1740 | G11: 30 | H11: 20 | I11: 60 | J11: 0.005 | K11: 36610 | L11: 4336 | M11: 2193 | N11: 89.5 | O11: 15 | P11: 5 | Q11: 6 | R11: 4 | S11: 0.333 | T11: 0.259 | U11: =S11-T11 -> 0.074
A12: 2025-02 | B12: 1 | C12: 4 ч | D12: 15.5 ч | E12: 240 | F12: 930 | G12: 20 | H12: 10 | I12: 30 | J12: 0.005 | K12: 39163 | L12: 371 | M12: 1610 | N12: 33.9 | O12: 23 | P12: 7 | Q12: 6 | R12: 10 | S12: 0.304 | T12: 0.268 | U12: =S12-T12 -> 0.036
A13: 2025-02 | B13: 2 | C13: 4.5 ч | D13: 20.5 ч | E13: 270 | F13: 1230 | G13: 10 | H13: 10 | I13: 30 | J13: 0.005 | K13: 38188 | L13: 910 | M13: -1303 | N13: -24.7 | O13: 21 | P13: 5 | Q13: 8 | R13: 8 | S13: 0.238 | T13: 0.268 | U13: =S13-T13 -> -0.03
... A191: 2026-07 | B191: 10 | C191: 3 ч | D191: 13 ч | E191: 180 | F191: 780 | G191: 15 | H191: 20 | I191: 60 | J191: 0.005 | K191: 54667 | L191: 2725 | M191: -2726 | N191: -109.1 | O191: 13 | P191: 2 | Q191: 7 | R191: 4 | S191: 0.154 | T191: 0.259 | U191: =S191-T191 -> -0.105

Sheet Итоги по рангам
A1: Ранг | B1: Месяцев | C1: В плюсе | D1: Деньги, $ | E1: Пипсы | F1: Сделок | G1: Прямые | H1: Зеркальные | I1: Фейлы | J1: % прямых | K1: % зеркальных | L1: % фейлов
A2: 1 | B2: =COUNTIFS(Прогнозы!$B$2:$B$191,$A2) -> 19 | C2: =COUNTIFS(Прогнозы!$B$2:$B$191,$A2,Прогнозы!$M$2:$M$191,">0") -> 10 | D2: =SUMIFS(Прогнозы!$M$2:$M$191,Прогнозы!$B$2:$B$191,$A2) -> 4248 | E2: =SUMIFS(Прогнозы!$N$2:$N$191,Прогнозы!$B$2:$B$191,$A2) -> 31.1 | F2: =SUMIFS(Прогнозы!$O$2:$O$191,Прогнозы!$B$2:$B$191,$A2) -> 527 | G2: =SUMIFS(Прогнозы!$P$2:$P$191,Прогнозы!$B$2:$B$191,$A2) -> 146 | H2: =SUMIFS(Прогнозы!$Q$2:$Q$191,Прогнозы!$B$2:$B$191,$A2) -> 126 | I2: =SUMIFS(Прогнозы!$R$2:$R$191,Прогнозы!$B$2:$B$191,$A2) -> 255 | J2: =IF(F2=0,0,G2/F2) -> 0.27703985 | K2: =IF(F2=0,0,H2/F2) -> 0.23908918 | L2: =IF(F2=0,0,I2/F2) -> 0.48387097
A3: 2 | B3: =COUNTIFS(Прогнозы!$B$2:$B$191,$A3) -> 19 | C3: =COUNTIFS(Прогнозы!$B$2:$B$191,$A3,Прогнозы!$M$2:$M$191,">0") -> 5 | D3: =SUMIFS(Прогнозы!$M$2:$M$191,Прогнозы!$B$2:$B$191,$A3) -> -41250 | E3: =SUMIFS(Прогнозы!$N$2:$N$191,Прогнозы!$B$2:$B$191,$A3) -> -898.8 | F3: =SUMIFS(Прогнозы!$O$2:$O$191,Прогнозы!$B$2:$B$191,$A3) -> 584 | G3: =SUMIFS(Прогнозы!$P$2:$P$191,Прогнозы!$B$2:$B$191,$A3) -> 135 | H3: =SUMIFS(Прогнозы!$Q$2:$Q$191,Прогнозы!$B$2:$B$191,$A3) -> 150 | I3: =SUMIFS(Прогнозы!$R$2:$R$191,Прогнозы!$B$2:$B$191,$A3) -> 299 | J3: =IF(F3=0,0,G3/F3) -> 0.23116438 | K3: =IF(F3=0,0,H3/F3) -> 0.25684932 | L3: =IF(F3=0,0,I3/F3) -> 0.5119863
A4: 3 | B4: =COUNTIFS(Прогнозы!$B$2:$B$191,$A4) -> 19 | C4: =COUNTIFS(Прогнозы!$B$2:$B$191,$A4,Прогнозы!$M$2:$M$191,">0") -> 10 | D4: =SUMIFS(Прогнозы!$M$2:$M$191,Прогнозы!$B$2:$B$191,$A4) -> 2546 | E4: =SUMIFS(Прогнозы!$N$2:$N$191,Прогнозы!$B$2:$B$191,$A4) -> 162.8 | F4: =SUMIFS(Прогнозы!$O$2:$O$191,Прогнозы!$B$2:$B$191,$A4) -> 496 | G4: =SUMIFS(Прогнозы!$P$2:$P$191,Прогнозы!$B$2:$B$191,$A4) -> 139 | H4: =SUMIFS(Прогнозы!$Q$2:$Q$191,Прогнозы!$B$2:$B$191,$A4) -> 120 | I4: =SUMIFS(Прогнозы!$R$2:$R$191,Прогнозы!$B$2:$B$191,$A4) -> 237 | J4: =IF(F4=0,0,G4/F4) -> 0.28024194 | K4: =IF(F4=0,0,H4/F4) -> 0.24193548 | L4: =IF(F4=0,0,I4/F4) -> 0.47782258
A5: 4 | B5: =COUNTIFS(Прогнозы!$B$2:$B$191,$A5) -> 19 | C5: =COUNTIFS(Прогнозы!$B$2:$B$191,$A5,Прогнозы!$M$2:$M$191,">0") -> 8 | D5: =SUMIFS(Прогнозы!$M$2:$M$191,Прогнозы!$B$2:$B$191,$A5) -> 1439 | E5: =SUMIFS(Прогнозы!$N$2:$N$191,Прогнозы!$B$2:$B$191,$A5) -> -6 | F5: =SUMIFS(Прогнозы!$O$2:$O$191,Прогнозы!$B$2:$B$191,$A5) -> 480 | G5: =SUMIFS(Прогнозы!$P$2:$P$191,Прогнозы!$B$2:$B$191,$A5) -> 131 | H5: =SUMIFS(Прогнозы!$Q$2:$Q$191,Прогнозы!$B$2:$B$191,$A5) -> 134 | I5: =SUMIFS(Прогнозы!$R$2:$R$191,Прогнозы!$B$2:$B$191,$A5) -> 215 | J5: =IF(F5=0,0,G5/F5) -> 0.27291667 | K5: =IF(F5=0,0,H5/F5) -> 0.27916667 | L5: =IF(F5=0,0,I5/F5) -> 0.44791667
A6: 5 | B6: =COUNTIFS(Прогнозы!$B$2:$B$191,$A6) -> 19 | C6: =COUNTIFS(Прогнозы!$B$2:$B$191,$A6,Прогнозы!$M$2:$M$191,">0") -> 5 | D6: =SUMIFS(Прогнозы!$M$2:$M$191,Прогнозы!$B$2:$B$191,$A6) -> -37014 | E6: =SUMIFS(Прогнозы!$N$2:$N$191,Прогнозы!$B$2:$B$191,$A6) -> -1098.1 | F6: =SUMIFS(Прогнозы!$O$2:$O$191,Прогнозы!$B$2:$B$191,$A6) -> 483 | G6: =SUMIFS(Прогнозы!$P$2:$P$191,Прогнозы!$B$2:$B$191,$A6) -> 111 | H6: =SUMIFS(Прогнозы!$Q$2:$Q$191,Прогнозы!$B$2:$B$191,$A6) -> 137 | I6: =SUMIFS(Прогнозы!$R$2:$R$191,Прогнозы!$B$2:$B$191,$A6) -> 235 | J6: =IF(F6=0,0,G6/F6) -> 0.22981366 | K6: =IF(F6=0,0,H6/F6) -> 0.28364389 | L6: =IF(F6=0,0,I6/F6) -> 0.48654244
A7: 6 | B7: =COUNTIFS(Прогнозы!$B$2:$B$191,$A7) -> 19 | C7: =COUNTIFS(Прогнозы!$B$2:$B$191,$A7,Прогнозы!$M$2:$M$191,">0") -> 10 | D7: =SUMIFS(Прогнозы!$M$2:$M$191,Прогнозы!$B$2:$B$191,$A7) -> 12331 | E7: =SUMIFS(Прогнозы!$N$2:$N$191,Прогнозы!$B$2:$B$191,$A7) -> 203.5 | F7: =SUMIFS(Прогнозы!$O$2:$O$191,Прогнозы!$B$2:$B$191,$A7) -> 395 | G7: =SUMIFS(Прогнозы!$P$2:$P$191,Прогнозы!$B$2:$B$191,$A7) -> 113 | H7: =SUMIFS(Прогнозы!$Q$2:$Q$191,Прогнозы!$B$2:$B$191,$A7) -> 96 | I7: =SUMIFS(Прогнозы!$R$2:$R$191,Прогнозы!$B$2:$B$191,$A7) -> 186 | J7: =IF(F7=0,0,G7/F7) -> 0.28607595 | K7: =IF(F7=0,0,H7/F7) -> 0.24303797 | L7: =IF(F7=0,0,I7/F7) -> 0.47088608
A8: 7 | B8: =COUNTIFS(Прогнозы!$B$2:$B$191,$A8) -> 19 | C8: =COUNTIFS(Прогнозы!$B$2:$B$191,$A8,Прогнозы!$M$2:$M$191,">0") -> 5 | D8: =SUMIFS(Прогнозы!$M$2:$M$191,Прогнозы!$B$2:$B$191,$A8) -> -19822 | E8: =SUMIFS(Прогнозы!$N$2:$N$191,Прогнозы!$B$2:$B$191,$A8) -> -358.9 | F8: =SUMIFS(Прогнозы!$O$2:$O$191,Прогнозы!$B$2:$B$191,$A8) -> 427 | G8: =SUMIFS(Прогнозы!$P$2:$P$191,Прогнозы!$B$2:$B$191,$A8) -> 104 | H8: =SUMIFS(Прогнозы!$Q$2:$Q$191,Прогнозы!$B$2:$B$191,$A8) -> 105 | I8: =SUMIFS(Прогнозы!$R$2:$R$191,Прогнозы!$B$2:$B$191,$A8) -> 218 | J8: =IF(F8=0,0,G8/F8) -> 0.24355972 | K8: =IF(F8=0,0,H8/F8) -> 0.24590164 | L8: =IF(F8=0,0,I8/F8) -> 0.51053864
A9: 8 | B9: =COUNTIFS(Прогнозы!$B$2:$B$191,$A9) -> 19 | C9: =COUNTIFS(Прогнозы!$B$2:$B$191,$A9,Прогнозы!$M$2:$M$191,">0") -> 7 | D9: =SUMIFS(Прогнозы!$M$2:$M$191,Прогнозы!$B$2:$B$191,$A9) -> -21304 | E9: =SUMIFS(Прогнозы!$N$2:$N$191,Прогнозы!$B$2:$B$191,$A9) -> -496.6 | F9: =SUMIFS(Прогнозы!$O$2:$O$191,Прогнозы!$B$2:$B$191,$A9) -> 488 | G9: =SUMIFS(Прогнозы!$P$2:$P$191,Прогнозы!$B$2:$B$191,$A9) -> 121 | H9: =SUMIFS(Прогнозы!$Q$2:$Q$191,Прогнозы!$B$2:$B$191,$A9) -> 119 | I9: =SUMIFS(Прогнозы!$R$2:$R$191,Прогнозы!$B$2:$B$191,$A9) -> 248 | J9: =IF(F9=0,0,G9/F9) -> 0.24795082 | K9: =IF(F9=0,0,H9/F9) -> 0.24385246 | L9: =IF(F9=0,0,I9/F9) -> 0.50819672
A10: 9 | B10: =COUNTIFS(Прогнозы!$B$2:$B$191,$A10) -> 19 | C10: =COUNTIFS(Прогнозы!$B$2:$B$191,$A10,Прогнозы!$M$2:$M$191,">0") -> 9 | D10: =SUMIFS(Прогнозы!$M$2:$M$191,Прогнозы!$B$2:$B$191,$A10) -> -16512 | E10: =SUMIFS(Прогнозы!$N$2:$N$191,Прогнозы!$B$2:$B$191,$A10) -> -370.1 | F10: =SUMIFS(Прогнозы!$O$2:$O$191,Прогнозы!$B$2:$B$191,$A10) -> 543 | G10: =SUMIFS(Прогнозы!$P$2:$P$191,Прогнозы!$B$2:$B$191,$A10) -> 138 | H10: =SUMIFS(Прогнозы!$Q$2:$Q$191,Прогнозы!$B$2:$B$191,$A10) -> 126 | I10: =SUMIFS(Прогнозы!$R$2:$R$191,Прогнозы!$B$2:$B$191,$A10) -> 279 | J10: =IF(F10=0,0,G10/F10) -> 0.25414365 | K10: =IF(F10=0,0,H10/F10) -> 0.2320442 | L10: =IF(F10=0,0,I10/F10) -> 0.51381215
A11: 10 | B11: =COUNTIFS(Прогнозы!$B$2:$B$191,$A11) -> 19 | C11: =COUNTIFS(Прогнозы!$B$2:$B$191,$A11,Прогнозы!$M$2:$M$191,">0") -> 11 | D11: =SUMIFS(Прогнозы!$M$2:$M$191,Прогнозы!$B$2:$B$191,$A11) -> 3456 | E11: =SUMIFS(Прогнозы!$N$2:$N$191,Прогнозы!$B$2:$B$191,$A11) -> -5.7 | F11: =SUMIFS(Прогнозы!$O$2:$O$191,Прогнозы!$B$2:$B$191,$A11) -> 451 | G11: =SUMIFS(Прогнозы!$P$2:$P$191,Прогнозы!$B$2:$B$191,$A11) -> 131 | H11: =SUMIFS(Прогнозы!$Q$2:$Q$191,Прогнозы!$B$2:$B$191,$A11) -> 109 | I11: =SUMIFS(Прогнозы!$R$2:$R$191,Прогнозы!$B$2:$B$191,$A11) -> 211 | J11: =IF(F11=0,0,G11/F11) -> 0.29046563 | K11: =IF(F11=0,0,H11/F11) -> 0.24168514 | L11: =IF(F11=0,0,I11/F11) -> 0.46784922
A12: Всего | B12: =SUM(B2:B11) -> 190 | C12: =SUM(C2:C11) -> 80 | D12: =SUM(D2:D11) -> -111882 | E12: =SUM(E2:E11) -> -2836.8 | F12: =SUM(F2:F11) -> 4874 | G12: =SUM(G2:G11) -> 1269 | H12: =SUM(H2:H11) -> 1222 | I12: =SUM(I2:I11) -> 2383 | J12: =IF(F12=0,0,G12/F12) -> 0.2603611 | K12: =IF(F12=0,0,H12/F12) -> 0.2507181 | L12: =IF(F12=0,0,I12/F12) -> 0.4889208
A14: Случайное блуждание для этих барьеров: прямые SL/(SL+TP), зеркальные столько же, фейлы остаток; для SL 10 / TP 30 это 25% / 25% / 50%. Спред 0.7 пипса уже вычтен из каждой сделки. Источник: eurusd-reversal-walk.csv, Fx.MaCross --reversal --walk-forward 2025-01 --walk-months 12.

Sheet По месяцам
A1: Месяц | B1: Деньги топ-10, $ | C1: Деньги ранга 1, $ | D1: Выборов в плюсе (из 10) | E1: Сделок | F1: Прямые | G1: Зеркальные | H1: Фейлы | I1: % прямых
A2: 2025-01 | B2: =SUMIFS(Прогнозы!$M$2:$M$191,Прогнозы!$A$2:$A$191,$A2) -> -25336 | C2: =SUMIFS(Прогнозы!$M$2:$M$191,Прогнозы!$A$2:$A$191,$A2,Прогнозы!$B$2:$B$191,1) -> -6245 | D2: =COUNTIFS(Прогнозы!$A$2:$A$191,$A2,Прогнозы!$M$2:$M$191,">0") -> 4 | E2: =SUMIFS(Прогнозы!$O$2:$O$191,Прогнозы!$A$2:$A$191,$A2) -> 233 | F2: =SUMIFS(Прогнозы!$P$2:$P$191,Прогнозы!$A$2:$A$191,$A2) -> 51 | G2: =SUMIFS(Прогнозы!$Q$2:$Q$191,Прогнозы!$A$2:$A$191,$A2) -> 75 | H2: =SUMIFS(Прогнозы!$R$2:$R$191,Прогнозы!$A$2:$A$191,$A2) -> 107 | I2: =IF(E2=0,0,F2/E2) -> 0.21888412
A3: 2025-02 | B3: =SUMIFS(Прогнозы!$M$2:$M$191,Прогнозы!$A$2:$A$191,$A3) -> -17434 | C3: =SUMIFS(Прогнозы!$M$2:$M$191,Прогнозы!$A$2:$A$191,$A3,Прогнозы!$B$2:$B$191,1) -> 1610 | D3: =COUNTIFS(Прогнозы!$A$2:$A$191,$A3,Прогнозы!$M$2:$M$191,">0") -> 3 | E3: =SUMIFS(Прогнозы!$O$2:$O$191,Прогнозы!$A$2:$A$191,$A3) -> 192 | F3: =SUMIFS(Прогнозы!$P$2:$P$191,Прогнозы!$A$2:$A$191,$A3) -> 43 | G3: =SUMIFS(Прогнозы!$Q$2:$Q$191,Прогнозы!$A$2:$A$191,$A3) -> 59 | H3: =SUMIFS(Прогнозы!$R$2:$R$191,Прогнозы!$A$2:$A$191,$A3) -> 90 | I3: =IF(E3=0,0,F3/E3) -> 0.22395833
A4: 2025-03 | B4: =SUMIFS(Прогнозы!$M$2:$M$191,Прогнозы!$A$2:$A$191,$A4) -> -3620 | C4: =SUMIFS(Прогнозы!$M$2:$M$191,Прогнозы!$A$2:$A$191,$A4,Прогнозы!$B$2:$B$191,1) -> -6307 | D4: =COUNTIFS(Прогнозы!$A$2:$A$191,$A4,Прогнозы!$M$2:$M$191,">0") -> 5 | E4: =SUMIFS(Прогнозы!$O$2:$O$191,Прогнозы!$A$2:$A$191,$A4) -> 272 | F4: =SUMIFS(Прогнозы!$P$2:$P$191,Прогнозы!$A$2:$A$191,$A4) -> 73 | G4: =SUMIFS(Прогнозы!$Q$2:$Q$191,Прогнозы!$A$2:$A$191,$A4) -> 67 | H4: =SUMIFS(Прогнозы!$R$2:$R$191,Прогнозы!$A$2:$A$191,$A4) -> 132 | I4: =IF(E4=0,0,F4/E4) -> 0.26838235
A5: 2025-04 | B5: =SUMIFS(Прогнозы!$M$2:$M$191,Прогнозы!$A$2:$A$191,$A5) -> 10153 | C5: =SUMIFS(Прогнозы!$M$2:$M$191,Прогнозы!$A$2:$A$191,$A5,Прогнозы!$B$2:$B$191,1) -> 5415 | D5: =COUNTIFS(Прогнозы!$A$2:$A$191,$A5,Прогнозы!$M$2:$M$191,">0") -> 5 | E5: =SUMIFS(Прогнозы!$O$2:$O$191,Прогнозы!$A$2:$A$191,$A5) -> 432 | F5: =SUMIFS(Прогнозы!$P$2:$P$191,Прогнозы!$A$2:$A$191,$A5) -> 125 | G5: =SUMIFS(Прогнозы!$Q$2:$Q$191,Прогнозы!$A$2:$A$191,$A5) -> 107 | H5: =SUMIFS(Прогнозы!$R$2:$R$191,Прогнозы!$A$2:$A$191,$A5) -> 200 | I5: =IF(E5=0,0,F5/E5) -> 0.28935185
A6: 2025-05 | B6: =SUMIFS(Прогнозы!$M$2:$M$191,Прогнозы!$A$2:$A$191,$A6) -> -58146 | C6: =SUMIFS(Прогнозы!$M$2:$M$191,Прогнозы!$A$2:$A$191,$A6,Прогнозы!$B$2:$B$191,1) -> -5152 | D6: =COUNTIFS(Прогнозы!$A$2:$A$191,$A6,Прогнозы!$M$2:$M$191,">0") -> 2 | E6: =SUMIFS(Прогнозы!$O$2:$O$191,Прогнозы!$A$2:$A$191,$A6) -> 375 | F6: =SUMIFS(Прогнозы!$P$2:$P$191,Прогнозы!$A$2:$A$191,$A6) -> 71 | G6: =SUMIFS(Прогнозы!$Q$2:$Q$191,Прогнозы!$A$2:$A$191,$A6) -> 126 | H6: =SUMIFS(Прогнозы!$R$2:$R$191,Прогнозы!$A$2:$A$191,$A6) -> 178 | I6: =IF(E6=0,0,F6/E6) -> 0.18933333
A7: 2025-06 | B7: =SUMIFS(Прогнозы!$M$2:$M$191,Прогнозы!$A$2:$A$191,$A7) -> 15676 | C7: =SUMIFS(Прогнозы!$M$2:$M$191,Прогнозы!$A$2:$A$191,$A7,Прогнозы!$B$2:$B$191,1) -> 8600 | D7: =COUNTIFS(Прогнозы!$A$2:$A$191,$A7,Прогнозы!$M$2:$M$191,">0") -> 6 | E7: =SUMIFS(Прогнозы!$O$2:$O$191,Прогнозы!$A$2:$A$191,$A7) -> 262 | F7: =SUMIFS(Прогнозы!$P$2:$P$191,Прогнозы!$A$2:$A$191,$A7) -> 78 | G7: =SUMIFS(Прогнозы!$Q$2:$Q$191,Прогнозы!$A$2:$A$191,$A7) -> 61 | H7: =SUMIFS(Прогнозы!$R$2:$R$191,Прогнозы!$A$2:$A$191,$A7) -> 123 | I7: =IF(E7=0,0,F7/E7) -> 0.29770992
A8: 2025-07 | B8: =SUMIFS(Прогнозы!$M$2:$M$191,Прогнозы!$A$2:$A$191,$A8) -> -15557 | C8: =SUMIFS(Прогнозы!$M$2:$M$191,Прогнозы!$A$2:$A$191,$A8,Прогнозы!$B$2:$B$191,1) -> -1008 | D8: =COUNTIFS(Прогнозы!$A$2:$A$191,$A8,Прогнозы!$M$2:$M$191,">0") -> 1 | E8: =SUMIFS(Прогнозы!$O$2:$O$191,Прогнозы!$A$2:$A$191,$A8) -> 325 | F8: =SUMIFS(Прогнозы!$P$2:$P$191,Прогнозы!$A$2:$A$191,$A8) -> 79 | G8: =SUMIFS(Прогнозы!$Q$2:$Q$191,Прогнозы!$A$2:$A$191,$A8) -> 79 | H8: =SUMIFS(Прогнозы!$R$2:$R$191,Прогнозы!$A$2:$A$191,$A8) -> 167 | I8: =IF(E8=0,0,F8/E8) -> 0.24307692
A9: 2025-08 | B9: =SUMIFS(Прогнозы!$M$2:$M$191,Прогнозы!$A$2:$A$191,$A9) -> -11053 | C9: =SUMIFS(Прогнозы!$M$2:$M$191,Прогнозы!$A$2:$A$191,$A9,Прогнозы!$B$2:$B$191,1) -> -3248 | D9: =COUNTIFS(Прогнозы!$A$2:$A$191,$A9,Прогнозы!$M$2:$M$191,">0") -> 2 | E9: =SUMIFS(Прогнозы!$O$2:$O$191,Прогнозы!$A$2:$A$191,$A9) -> 274 | F9: =SUMIFS(Прогнозы!$P$2:$P$191,Прогнозы!$A$2:$A$191,$A9) -> 68 | G9: =SUMIFS(Прогнозы!$Q$2:$Q$191,Прогнозы!$A$2:$A$191,$A9) -> 68 | H9: =SUMIFS(Прогнозы!$R$2:$R$191,Прогнозы!$A$2:$A$191,$A9) -> 138 | I9: =IF(E9=0,0,F9/E9) -> 0.24817518
A10: 2025-09 | B10: =SUMIFS(Прогнозы!$M$2:$M$191,Прогнозы!$A$2:$A$191,$A10) -> 170 | C10: =SUMIFS(Прогнозы!$M$2:$M$191,Прогнозы!$A$2:$A$191,$A10,Прогнозы!$B$2:$B$191,1) -> 1139 | D10: =COUNTIFS(Прогнозы!$A$2:$A$191,$A10,Прогнозы!$M$2:$M$191,">0") -> 3 | E10: =SUMIFS(Прогнозы!$O$2:$O$191,Прогнозы!$A$2:$A$191,$A10) -> 311 | F10: =SUMIFS(Прогнозы!$P$2:$P$191,Прогнозы!$A$2:$A$191,$A10) -> 84 | G10: =SUMIFS(Прогнозы!$Q$2:$Q$191,Прогнозы!$A$2:$A$191,$A10) -> 73 | H10: =SUMIFS(Прогнозы!$R$2:$R$191,Прогнозы!$A$2:$A$191,$A10) -> 154 | I10: =IF(E10=0,0,F10/E10) -> 0.27009646
A11: 2025-10 | B11: =SUMIFS(Прогнозы!$M$2:$M$191,Прогнозы!$A$2:$A$191,$A11) -> -18738 | C11: =SUMIFS(Прогнозы!$M$2:$M$191,Прогнозы!$A$2:$A$191,$A11,Прогнозы!$B$2:$B$191,1) -> -3547 | D11: =COUNTIFS(Прогнозы!$A$2:$A$191,$A11,Прогнозы!$M$2:$M$191,">0") -> 3 | E11: =SUMIFS(Прогнозы!$O$2:$O$191,Прогнозы!$A$2:$A$191,$A11) -> 300 | F11: =SUMIFS(Прогнозы!$P$2:$P$191,Прогнозы!$A$2:$A$191,$A11) -> 71 | G11: =SUMIFS(Прогнозы!$Q$2:$Q$191,Прогнозы!$A$2:$A$191,$A11) -> 79 | H11: =SUMIFS(Прогнозы!$R$2:$R$191,Прогнозы!$A$2:$A$191,$A11) -> 150 | I11: =IF(E11=0,0,F11/E11) -> 0.23666667
A12: 2025-11 | B12: =SUMIFS(Прогнозы!$M$2:$M$191,Прогнозы!$A$2:$A$191,$A12) -> -5450 | C12: =SUMIFS(Прогнозы!$M$2:$M$191,Прогнозы!$A$2:$A$191,$A12,Прогнозы!$B$2:$B$191,1) -> -618 | D12: =COUNTIFS(Прогнозы!$A$2:$A$191,$A12,Прогнозы!$M$2:$M$191,">0") -> 3 | E12: =SUMIFS(Прогнозы!$O$2:$O$191,Прогнозы!$A$2:$A$191,$A12) -> 211 | F12: =SUMIFS(Прогнозы!$P$2:$P$191,Прогнозы!$A$2:$A$191,$A12) -> 54 | G12: =SUMIFS(Прогнозы!$Q$2:$Q$191,Прогнозы!$A$2:$A$191,$A12) -> 41 | H12: =SUMIFS(Прогнозы!$R$2:$R$191,Прогнозы!$A$2:$A$191,$A12) -> 116 | I12: =IF(E12=0,0,F12/E12) -> 0.25592417
A13: 2025-12 | B13: =SUMIFS(Прогнозы!$M$2:$M$191,Прогнозы!$A$2:$A$191,$A13) -> 2401 | C13: =SUMIFS(Прогнозы!$M$2:$M$191,Прогнозы!$A$2:$A$191,$A13,Прогнозы!$B$2:$B$191,1) -> 6066 | D13: =COUNTIFS(Прогнозы!$A$2:$A$191,$A13,Прогнозы!$M$2:$M$191,">0") -> 4 | E13: =SUMIFS(Прогнозы!$O$2:$O$191,Прогнозы!$A$2:$A$191,$A13) -> 165 | F13: =SUMIFS(Прогнозы!$P$2:$P$191,Прогнозы!$A$2:$A$191,$A13) -> 45 | G13: =SUMIFS(Прогнозы!$Q$2:$Q$191,Прогнозы!$A$2:$A$191,$A13) -> 20 | H13: =SUMIFS(Прогнозы!$R$2:$R$191,Прогнозы!$A$2:$A$191,$A13) -> 100 | I13: =IF(E13=0,0,F13/E13) -> 0.27272727
... A20: 2026-07 | B20: =SUMIFS(Прогнозы!$M$2:$M$191,Прогнозы!$A$2:$A$191,$A20) -> -17122 | C20: =SUMIFS(Прогнозы!$M$2:$M$191,Прогнозы!$A$2:$A$191,$A20,Прогнозы!$B$2:$B$191,1) -> 5883 | D20: =COUNTIFS(Прогнозы!$A$2:$A$191,$A20,Прогнозы!$M$2:$M$191,">0") -> 4 | E20: =SUMIFS(Прогнозы!$O$2:$O$191,Прогнозы!$A$2:$A$191,$A20) -> 217 | F20: =SUMIFS(Прогнозы!$P$2:$P$191,Прогнозы!$A$2:$A$191,$A20) -> 49 | G20: =SUMIFS(Прогнозы!$Q$2:$Q$191,Прогнозы!$A$2:$A$191,$A20) -> 71 | H20: =SUMIFS(Прогнозы!$R$2:$R$191,Прогнозы!$A$2:$A$191,$A20) -> 97 | I20: =IF(E20=0,0,F20/E20) -> 0.22580645
A21: Всего | B21: =SUM(B2:B20) -> -111882 | C21: =SUM(C2:C20) -> 4248 | D21: =SUM(D2:D20) -> 80 | E21: =SUM(E2:E20) -> 4874 | F21: =SUM(F2:F20) -> 1269 | G21: =SUM(G2:G20) -> 1222 | H21: =SUM(H2:H20) -> 2383 | I21: =IF(E21=0,0,F21/E21) -> 0.2603611
