Workbook

Sheet Сводка
A1: EURUSD - цепочки >=8ч (часовые свечи, 2011-2026)
A3: Недель всего | B3: =COUNT('Недели'!D2:D808)
A4: Часов всего | B4: =SUM('Недели'!D2:D808)
A5: Часов в цепочках >=8ч | B5: =SUM('Недели'!E2:E808)
A6: Общая доля | B6: =SUM('Недели'!E2:E808)/SUM('Недели'!D2:D808)
A7: Доля по неделям: минимум | B7: =MIN('Недели'!F2:F808)
A8: Доля по неделям: медиана | B8: =MEDIAN('Недели'!F2:F808)
A9: Доля по неделям: среднее | B9: =AVERAGE('Недели'!F2:F808)
A10: Доля по неделям: максимум | B10: =MAX('Недели'!F2:F808)
A11: Недель с 0% (нет цепочек >=8ч) | B11: =COUNTIF('Недели'!E2:E808,0)
A12: Недель с долей >=50% | B12: =COUNTIF('Недели'!F2:F808,">=0.5")
A15: Гистограмма недельной доли
A16: Диапазон | B16: Недель
A17: 0-10% | B17: =COUNTIFS('Недели'!F2:F808,">=0.0",'Недели'!F2:F808,"<0.1")
A18: 10-20% | B18: =COUNTIFS('Недели'!F2:F808,">=0.1",'Недели'!F2:F808,"<0.2")
A19: 20-30% | B19: =COUNTIFS('Недели'!F2:F808,">=0.2",'Недели'!F2:F808,"<0.3")
A20: 30-40% | B20: =COUNTIFS('Недели'!F2:F808,">=0.3",'Недели'!F2:F808,"<0.4")
A21: 40-50% | B21: =COUNTIFS('Недели'!F2:F808,">=0.4",'Недели'!F2:F808,"<0.5")
A22: 50-60% | B22: =COUNTIFS('Недели'!F2:F808,">=0.5",'Недели'!F2:F808,"<0.6")
A23: 60-70% | B23: =COUNTIFS('Недели'!F2:F808,">=0.6",'Недели'!F2:F808,"<0.7")
A24: 70-80% | B24: =COUNTIFS('Недели'!F2:F808,">=0.7",'Недели'!F2:F808,"<0.8")
A25: 80-90% | B25: =COUNTIFS('Недели'!F2:F808,">=0.8",'Недели'!F2:F808,"<0.9")
A26: 90-100% | B26: =COUNTIFS('Недели'!F2:F808,">=0.9",'Недели'!F2:F808,"<1.0001")

Sheet Недели
A1: Неделя (Пн) | B1: Первый час (UTC) | C1: Последний час (UTC) | D1: Часов всего | E1: Часов в цепочках >=8ч | F1: Доля
A2: 40581 | B2: 2011-02-08 08:00 | C2: 2011-02-11 21:00 | D2: 86 | E2: 8 | F2: =IF(D2=0,0,E2/D2)
A3: 40588 | B3: 2011-02-13 22:00 | C3: 2011-02-18 21:00 | D3: 120 | E3: 35 | F3: =IF(D3=0,0,E3/D3)
A4: 40595 | B4: 2011-02-20 22:00 | C4: 2011-02-25 21:00 | D4: 120 | E4: 31 | F4: =IF(D4=0,0,E4/D4)
A5: 40602 | B5: 2011-02-27 22:00 | C5: 2011-03-04 21:00 | D5: 120 | E5: 26 | F5: =IF(D5=0,0,E5/D5)
A6: 40609 | B6: 2011-03-06 22:00 | C6: 2011-03-11 21:00 | D6: 120 | E6: 29 | F6: =IF(D6=0,0,E6/D6)
A7: 40616 | B7: 2011-03-13 22:00 | C7: 2011-03-18 20:00 | D7: 119 | E7: 35 | F7: =IF(D7=0,0,E7/D7)
A8: 40623 | B8: 2011-03-20 22:00 | C8: 2011-03-25 20:00 | D8: 119 | E8: 0 | F8: =IF(D8=0,0,E8/D8)
A9: 40630 | B9: 2011-03-27 21:00 | C9: 2011-04-01 20:00 | D9: 120 | E9: 31 | F9: =IF(D9=0,0,E9/D9)
A10: 40637 | B10: 2011-04-03 21:00 | C10: 2011-04-08 20:00 | D10: 120 | E10: 46 | F10: =IF(D10=0,0,E10/D10)
A11: 40644 | B11: 2011-04-10 21:00 | C11: 2011-04-15 20:00 | D11: 120 | E11: 66 | F11: =IF(D11=0,0,E11/D11)
A12: 40651 | B12: 2011-04-17 21:00 | C12: 2011-04-22 20:00 | D12: 120 | E12: 28 | F12: =IF(D12=0,0,E12/D12)
A13: 40658 | B13: 2011-04-24 21:00 | C13: 2011-04-29 20:00 | D13: 120 | E13: 44 | F13: =IF(D13=0,0,E13/D13)
... A808: 46223 | B808: 2026-07-19 21:00 | C808: 2026-07-24 00:00 | D808: 100 | E808: 27 | F808: =IF(D808=0,0,E808/D808)
A809: Итого | D809: =SUM(D2:D808) | E809: =SUM(E2:E808) | F809: =E809/D809
